cpse,material_code,description,category,material_grade
CPSE_A,MAT-1001,HEX HEAD BOLT M8 X 25 MM SS304 GRADE A2-70,Fastener,A2-70
CPSE_B,M-1002,"HEXAGONAL HEAD BOLT, SS304, A2-70, SIZE M8x25",Fastener,A2-70
CPSE_A,MAT-1003,HEX HEAD BOLT M8 X 30 MM SS304 GRADE A2-70,Fastener,A2-70
CPSE_B,M-1004,"BOLT, HEX, SS304, A2-70, SIZE M8x30",Fastener,A2-70
CPSE_A,MAT-1005,HEX HEAD BOLT M8 X 40 MM SS304 GRADE A2-70,Fastener,A2-70
CPSE_B,M-1006,"HEXAGONAL HEAD BOLT, SS304, A2-70, SIZE M8x40",Fastener,A2-70
CPSE_A,MAT-1007,HEX HEAD BOLT M8 X 50 MM SS304 GRADE A2-70,Fastener,A2-70
CPSE_B,M-1008,"BOLT, HEX, SS304, A2-70, SIZE M8x50",Fastener,A2-70
CPSE_A,MAT-1009,HEX HEAD BOLT M8 X 60 MM SS304 GRADE A2-70,Fastener,A2-70
CPSE_B,M-1010,"BOLT HEX, SS304, A2-70, SIZE M8x60",Fastener,A2-70
CPSE_A,MAT-1011,HEX HEAD BOLT M8 X 75 MM SS304 GRADE A2-70,Fastener,A2-70
CPSE_B,M-1012,"HEXAGONAL HEAD BOLT, SS304, A2-70, SIZE M8x75",Fastener,A2-70
CPSE_A,MAT-1013,HEX HEAD BOLT M8 X 100 MM SS304 GRADE A2-70,Fastener,A2-70
CPSE_B,M-1014,"BOLT, HEX, SS304, A2-70, SIZE M8x100",Fastener,A2-70
CPSE_A,MAT-1015,HEX HEAD BOLT M10 X 25 MM SS304 GRADE A2-70,Fastener,A2-70
CPSE_B,M-1016,"HEXAGONAL HEAD BOLT, SS304, A2-70, SIZE M10x25",Fastener,A2-70
CPSE_A,MAT-1017,HEX HEAD BOLT M10 X 30 MM SS304 GRADE A2-70,Fastener,A2-70
CPSE_B,M-1018,"HEXAGONAL HEAD BOLT, SS304, A2-70, SIZE M10x30",Fastener,A2-70
CPSE_A,MAT-1019,HEX HEAD BOLT M10 X 40 MM SS304 GRADE A2-70,Fastener,A2-70
CPSE_B,M-1020,"BOLT, HEX, SS304, A2-70, SIZE M10x40",Fastener,A2-70
CPSE_A,MAT-1021,HEX HEAD BOLT M10 X 50 MM SS304 GRADE A2-70,Fastener,A2-70
CPSE_B,M-1022,"BOLT, HEX, SS304, A2-70, SIZE M10x50",Fastener,A2-70
CPSE_A,MAT-1023,HEX HEAD BOLT M10 X 60 MM SS304 GRADE A2-70,Fastener,A2-70
CPSE_B,M-1024,"BOLT, HEX, SS304, A2-70, SIZE M10x60",Fastener,A2-70
CPSE_A,MAT-1025,HEX HEAD BOLT M10 X 75 MM SS304 GRADE A2-70,Fastener,A2-70
CPSE_B,M-1026,"HEXAGONAL HEAD BOLT, SS304, A2-70, SIZE M10x75",Fastener,A2-70
CPSE_A,MAT-1027,HEX HEAD BOLT M10 X 100 MM SS304 GRADE A2-70,Fastener,A2-70
CPSE_B,M-1028,"BOLT, HEX, SS304, A2-70, SIZE M10x100",Fastener,A2-70
CPSE_A,MAT-1029,HEX HEAD BOLT M12 X 25 MM SS304 GRADE A2-70,Fastener,A2-70
CPSE_B,M-1030,"BOLT HEX, SS304, A2-70, SIZE M12x25",Fastener,A2-70
CPSE_A,MAT-1031,HEX HEAD BOLT M12 X 30 MM SS304 GRADE A2-70,Fastener,A2-70
CPSE_B,M-1032,"BOLT HEX, SS304, A2-70, SIZE M12x30",Fastener,A2-70
CPSE_A,MAT-1033,HEX HEAD BOLT M12 X 40 MM SS304 GRADE A2-70,Fastener,A2-70
CPSE_B,M-1034,"BOLT, HEX, SS304, A2-70, SIZE M12x40",Fastener,A2-70
CPSE_A,MAT-1035,HEX HEAD BOLT M12 X 50 MM SS304 GRADE A2-70,Fastener,A2-70
CPSE_B,M-1036,"BOLT, HEX, SS304, A2-70, SIZE M12x50",Fastener,A2-70
CPSE_A,MAT-1037,HEX HEAD BOLT M12 X 60 MM SS304 GRADE A2-70,Fastener,A2-70
CPSE_B,M-1038,"BOLT HEX, SS304, A2-70, SIZE M12x60",Fastener,A2-70
CPSE_A,MAT-1039,HEX HEAD BOLT M12 X 75 MM SS304 GRADE A2-70,Fastener,A2-70
CPSE_B,M-1040,"BOLT, HEX, SS304, A2-70, SIZE M12x75",Fastener,A2-70
CPSE_A,MAT-1041,HEX HEAD BOLT M12 X 100 MM SS304 GRADE A2-70,Fastener,A2-70
CPSE_B,M-1042,"BOLT HEX, SS304, A2-70, SIZE M12x100",Fastener,A2-70
CPSE_A,MAT-1043,HEX HEAD BOLT M16 X 25 MM SS304 GRADE A2-70,Fastener,A2-70
CPSE_B,M-1044,"BOLT HEX, SS304, A2-70, SIZE M16x25",Fastener,A2-70
CPSE_A,MAT-1045,HEX HEAD BOLT M16 X 30 MM SS304 GRADE A2-70,Fastener,A2-70
CPSE_B,M-1046,"BOLT HEX, SS304, A2-70, SIZE M16x30",Fastener,A2-70
CPSE_A,MAT-1047,HEX HEAD BOLT M16 X 40 MM SS304 GRADE A2-70,Fastener,A2-70
CPSE_B,M-1048,"HEXAGONAL HEAD BOLT, SS304, A2-70, SIZE M16x40",Fastener,A2-70
CPSE_A,MAT-1049,HEX HEAD BOLT M16 X 50 MM SS304 GRADE A2-70,Fastener,A2-70
CPSE_B,M-1050,"BOLT, HEX, SS304, A2-70, SIZE M16x50",Fastener,A2-70
