cpse,material_code,description,category,material_grade,unit,quantity
NTPC,NTP-FST-0825,HEX HEAD BOLT M8 X 25 MM SS304 GRADE A2-70,Fastener,SS304,NO,500
BHEL,BHL-FST-8025,HEXAGONAL HEAD BOLT SS 304 M8X25MM,Fastener,SS304,EA,300
IOCL,IOC-BLT-0825,"BOLT, HEX, M8 × 25, SS304",Fastener,SS304,NO,1000
ONGC,ONG-FST-0825,M8-25 HEXAGON HEAD BOLT SS 304,Fastener,SS304,NOS,250
GAIL,GAL-BLT-0825,HEX HD BOLT M8 X 25 SS304,Fastener,SS304,NO,400
SAIL,SAL-FST-0825,BOLT HEX HD SS304 M8-25,Fastener,SS304,EA,150
HPCL,HPC-BLT-0825,"HEX. HEAD BOLT, M8 X 25, SS-304",Fastener,SS304,NO,600
NTPC,NTP-FST-0830,HEX HEAD BOLT M8 X 30 MM SS304,Fastener,SS304,NO,200
IOCL,IOC-FST-0830,HEX BOLT SS304 M8 X 30 MM,Fastener,SS304,NO,500
BHEL,BHL-FST-0840,HEX HEAD BOLT M8 X 40 MM SS304,Fastener,SS304,EA,300
BPCL,BPC-FST-0850,HEXAGONAL BOLT M8 X 50 MM SS304,Fastener,SS304,NO,150
NALCO,NAL-FST-1025,HEX HEAD BOLT M10 X 25 MM SS304,Fastener,SS304,NO,400
POWERGRID,PWG-FST-1225,HEX HEAD BOLT M12 X 25 MM SS304,Fastener,SS304,NO,350
ONGC,ONG-FST-3168,HEX HEAD BOLT M8 X 25 MM SS316 GRADE A4-70,Fastener,SS316,NO,600
SAIL,SAL-FST-8825,HEX HEAD BOLT M8 X 25 MM HIGH TENSILE GR 8.8,Fastener,GR8.8,NO,450
BHEL,BHL-THD-0812,HEX BOLT M8 X 1.25 PITCH SS304,Fastener,SS304,EA,250
IOCL,IOC-THD-1015,HEX BOLT M10 X 1.5 SS304,Fastener,SS304,NO,300
NTPC,NTP-THD-1020,HEX BOLT M10 X 2.0 SS304,Fastener,SS304,NO,200
IOCL,IOC-FST-1660,HEX BOLT HT M16 X 60 MM GRADE 8.8 IS:1364,Fastener,GR8.8,NO,800
BPCL,BPC-FST-1660,"BOLT, HEX HD, HIGH TENSILE, GR 8.8, M16X60MM",Fastener,GR8.8,NOS,500
GAIL,GAL-FST-1660,M16 X 60 MM HEX HEAD BOLT CLASS 8.8,Fastener,GR8.8,NO,400
BHEL,BHL-FST-2010,HEX HEAD BOLT M20 X 100 MM HIGH TENSILE 10.9,Fastener,GR10.9,EA,300
NTPC,NTP-FST-2412,HEX HD BOLT M24 X 120 MM GRADE 8.8,Fastener,GR8.8,NO,200
ONGC,ONG-FST-3015,HEX HEAD BOLT M30 X 150 MM ASTM A193 B7,Fastener,A193 B7,NO,150
BHEL,BHL-FST-1481,STUD BOLT M140X4X810 ALLOY STEEL,Fastener,,EA,50
IOCL,IOC-STD-2015,STUD BOLT WITH 2 NUTS M20 X 150 MM ASTM A193 GR.B7,Fastener,A193 B7,SET,400
ONGC,ONG-STD-2015,"STUD BOLT WITH 2 HEAVY HEX NUTS, SIZE M20X150, GR. B7/2H",Fastener,A193 B7,SET,350
HPCL,HPC-STD-2015,STUD WITH 2 NUTS M20*150MM A193-B7,Fastener,A193 B7,NO,300
BPCL,BPC-STD-2018,STUD BOLT WITH 2 NUTS M20 X 180 MM ASTM A193 GR.B7,Fastener,A193 B7,SET,250
BHEL,BHL-SKT-1040,SOCKET HEAD CAP SCREW M10 X 40 MM GR 12.9 DIN 912,Fastener,GR12.9,EA,500
NALCO,NAL-SKT-1040,ALLEN BOLT / SOCKET HEAD CAP SCREW M10X40 GRADE 12.9,Fastener,GR12.9,NO,400
SAIL,SAL-SKT-1050,SOCKET HEAD CAP SCREW M10 X 50 MM GR 12.9,Fastener,GR12.9,NO,250
NTPC,NTP-WSH-0016,PLAIN WASHER M16 SS304 TO IS:2016,Fastener,SS304,NO,1500
IOCL,IOC-WSH-0016,FLAT WASHER SIZE M16 STAINLESS STEEL 304,Fastener,SS304,NO,2000
BHEL,BHL-WSH-0016,"WASHER, PLAIN, M16, SS 304",Fastener,SS304,EA,1000
ONGC,ONG-WSH-0020,PLAIN WASHER M20 SS304,Fastener,SS304,NO,1200
GAIL,GAL-NUT-0016,HEX NUT M16 SS304 IS:1363,Fastener,SS304,NO,1800
HPCL,HPC-NUT-0016,HEXAGONAL NUT SIZE M16 STAINLESS STEEL 304,Fastener,SS304,NO,1500
IOCL,IOC-AMB-F01,HEX HEAD BOLT SS304,Fastener,SS304,NO,300
NTPC,NTP-AMB-F02,BOLT M8,Fastener,,NO,500
ONGC,ONG-AMB-F03,FASTENER STAINLESS STEEL A2-70,Fastener,A2-70,KG,200
IOCL,IOC-PIP-5040,PIPE CS SEAMLESS ASTM A106 GR.B NB 50 MM SCH 40,Pipe,A106 GRB,MTR,250
ONGC,ONG-PIP-5040,"SEAMLESS CS PIPE, 50NB (2 IN), SCH40, ASTM A106 GRADE B",Pipe,A106 GRB,M,300
HPCL,HPC-PIP-5040,PIPE CS ASTM A106 GR B NB50 (2.0 IN) SCH40 SMLS,Pipe,A106 GRB,MTR,400
NTPC,NTP-PIP-5040,CARBON STEEL SEAMLESS PIPE NB50 SCH 40 ASTM A106-B,Pipe,A106 GRB,M,500
GAIL,GAL-PIP-5040,50NB SCH.40 CS SMLS PIPE A106-B,Pipe,A106 GRB,MTR,200
IOCL,IOC-PIP-1040,PIPE CS SEAMLESS 100 NB SCH 40 ASTM A106 GR B,Pipe,A106 GRB,MTR,600
BHEL,BHL-PIP-1040,CS PIPE 4 IN NB SCH40 A106B SEAMLESS,Pipe,A106 GRB,MTR,350
SAIL,SAL-PIP-1040,"PIPE, CS, 100NB, SCH-40, ASTM A106 GR.B",Pipe,A106 GRB,M,450
BPCL,BPC-PIP-1040,CARBON STEEL SMLS PIPE 100NB SCH 40 ASTM A106 GRADE B,Pipe,A106 GRB,MTR,500
IOCL,IOC-PIP-1080,PIPE CS SEAMLESS 100 NB SCH 80 ASTM A106 GR B,Pipe,A106 GRB,MTR,300
NTPC,NTP-PIP-5080,PIPE CS ASTM A106 GR.B NB 50 MM SCH 80 SMLS,Pipe,A106 GRB,MTR,250
ONGC,ONG-PIP-1016,PIPE CS SEAMLESS 100NB SCH 160 ASTM A106 GR B,Pipe,A106 GRB,M,150
BHEL,BHL-PIP-3040,SEAMLESS PIPE NB50 SCH40 ASTM A312 TP304 STAINLESS STEEL,Pipe,SS304,MTR,400
NALCO,NAL-PIP-3040,PIPE SS304 NB 50 (2.0 IN) SCH40 SEAMLESS,Pipe,SS304,M,300
GAIL,GAL-PIP-3336,PIPE CS SEAMLESS NB 50 MM SCH 40 ASTM A333 GR.6 LOW TEMP,Pipe,A333 GR6,MTR,200
NTPC,NTP-PIP-2540,PIPE CS SEAMLESS NB 25 (1.0 IN) SCH 40 ASTM A106 GR.B,Pipe,A106 GRB,MTR,350
ONGC,ONG-PIP-8040,PIPE CS SEAMLESS NB 80 (3.0 IN) SCH 40 ASTM A106 GR.B,Pipe,A106 GRB,M,250
IOCL,IOC-ELB-5040,90 DEG ELBOW CS SEAMLESS ASTM A234 WPB 50NB SCH 40 BW,Pipe,A234 WPB,NO,150
GAIL,GAL-ELB-5040,"ELBOW 90 DEG, 2 INCH (50 NB), SCH40, BUTTWELD, CS A234-WPB",Pipe,A234 WPB,EA,200
BPCL,BPC-ELB-5080,90 DEG ELBOW CS SEAMLESS ASTM A234 WPB 50NB SCH 80 BW,Pipe,A234 WPB,NO,100
HPCL,HPC-TEE-5040,EQUAL TEE BUTTWELD CS ASTM A234 WPB 50NB SCH 40,Pipe,A234 WPB,NO,120
IOCL,IOC-FLG-5015,WNRF FLANGE 2 IN 150# CS ASTM A105 SCH 40,Pipe,A105,NO,250
ONGC,ONG-FLG-5015,WELDING NECK FLANGE 50NB CLASS 150 RAISED FACE A105 SCH40,Pipe,A105,NOS,300
GAIL,GAL-FLG-5015,FLANGE WNRF 2 INCH 150 LB ASTM A105 SCH40 ASME B16.5,Pipe,A105,EA,180
IOCL,IOC-FLG-5030,WNRF FLANGE 2 IN 300# CS ASTM A105 SCH 40,Pipe,A105,NO,200
NTPC,NTP-FLG-1015,WNRF FLANGE 4 IN 150# CS ASTM A105 SCH 40,Pipe,A105,NO,150
SAIL,SAL-AMB-P01,PIPE CS ASTM A106,Pipe,A106,MTR,100
HPCL,HPC-AMB-P02,PIPE 50NB SCH 40,Pipe,,M,150
IOCL,IOC-VLV-0215,BALL VALVE 2 IN 150 LB FLANGED CS ASTM A216 WCB,Valve,A216 WCB,NO,120
ONGC,ONG-VLV-0215,"VALVE, BALL, 2 INCH, CLASS 150, BODY WCB, FLANGED RF",Valve,A216 WCB,NOS,150
GAIL,GAL-VLV-0215,2 IN 150# CS FLGD BALL VALVE A216 WCB LEVER OPERATED,Valve,A216 WCB,EA,90
HPCL,HPC-VLV-0215,VALVE BALL 50NB 150 POUND ASTM A216 GR WCB,Valve,A216 WCB,NO,110
BPCL,BPC-VLV-0215,BALL VLV CS ASTM-A216-WCB 2IN (50NB) 150-POUND,Valve,A216 WCB,NO,80
NTPC,NTP-VLV-0315,GATE VALVE 3 IN 150 LB SS304 FLANGED ASME B16.34,Valve,SS304,NO,60
BHEL,BHL-VLV-0315,"VALVE, GATE, SS 304, 3 INCH, 150#, FLGD",Valve,SS304,EA,45
NALCO,NAL-VLV-0315,GATE VLV SS-304 3 IN 150 LB FLG BODY CF8,Valve,SS304,NOS,50
SAIL,SAL-VLV-0315,SS304 GATE VALVE 80NB 150# FLANGED BODY CF8,Valve,SS304,NO,40
IOCL,IOC-VLV-0230,BALL VALVE 2 IN 300 LB FLANGED CS ASTM A216 WCB,Valve,A216 WCB,NO,90
ONGC,ONG-VLV-0260,BALL VALVE 2 IN 600 LB FLANGED CS ASTM A216 WCB,Valve,A216 WCB,NO,50
GAIL,GAL-VLV-0280,FORGED CS GATE VALVE 2 IN 800 LB SW ASTM A105,Valve,A105,NO,75
HPCL,HPC-VLV-0216,BALL VALVE 2 IN 150 LB FLANGED SS316 ASTM A351 CF8M,Valve,SS316,NO,70
NTPC,NTP-VLV-0217,BALL VALVE 2 IN 150 LB FLANGED SS304 ASTM A351 CF8,Valve,SS304,NO,80
NTPC,NTP-VLV-0218,GLOBE VALVE 2 IN 150 LB CS ASTM A216 WCB FLANGED,Valve,A216 WCB,NO,60
ONGC,ONG-VLV-0219,CHECK VALVE 2 IN 150 LB CS ASTM A216 WCB FLANGED WAFER,Valve,A216 WCB,NO,75
IOCL,IOC-VLV-0415,BALL VALVE 4 IN 150 LB FLANGED CS ASTM A216 WCB,Valve,A216 WCB,NO,40
BPCL,BPC-VLV-0615,BALL VALVE 6 IN 150 LB FLANGED CS ASTM A216 WCB,Valve,A216 WCB,NO,25
GAIL,GAL-AMB-V01,VALVE BALL 2 INCH,Valve,,NO,50
SAIL,SAL-AMB-V02,GATE VALVE CLASS 150,Valve,,NO,45
IOCL,IOC-INS-1010,PRESSURE GAUGE 0-10 BAR SS316 100MM DIAL 1/2 IN NPT,Instrumentation,SS316,NO,150
ONGC,ONG-INS-1010,PRESS GAUGE SS316 100 DIA RANGE 0 TO 10 BAR BOTTOM CONN,Instrumentation,SS316,NOS,120
NTPC,NTP-INS-1010,DIAL PRESSURE GAUGE 100 MM RANGE 0-10 KG/CM2 SS316,Instrumentation,SS316,NO,100
GAIL,GAL-INS-1010,"PG 0-10 BAR 100MM DIAL SS316 CASE/BOURDON 1/2""NPT",Instrumentation,SS316,EA,80
HPCL,HPC-INS-1025,PRESSURE GAUGE 0-25 BAR SS316 100MM DIAL 1/2 IN NPT,Instrumentation,SS316,NO,90
BPCL,BPC-INS-1100,PRESSURE GAUGE 0-100 BAR SS316 100MM DIAL 1/2 IN NPT,Instrumentation,SS316,NO,60
IOCL,IOC-TX-0016,PRESSURE TRANSMITTER 4-20MA RANGE 0-16 BAR 24VDC HART,Instrumentation,,NO,50
ONGC,ONG-TX-0016,DIFF PRESSURE TRANSMITTER SMART 4-20 MA 0-16 BAR 24 V DC,Instrumentation,,NOS,40
BHEL,BHL-TX-0040,PRESSURE TRANSMITTER 4-20MA RANGE 0-40 BAR 24VDC HART,Instrumentation,,EA,35
NTPC,NTP-RTD-0100,RTD PT100 DUPLEX 3 WIRE SHEATH DIA 6MM LENGTH 300MM,Instrumentation,,NO,150
SAIL,SAL-RTD-0100,RESISTANCE TEMPERATURE DETECTOR PT-100 DUPLEX 3W 6X300MM,Instrumentation,,EA,100
NALCO,NAL-RTD-0101,RTD PT100 SIMPLEX 3 WIRE SHEATH DIA 6MM LENGTH 300MM,Instrumentation,,NO,80
POWERGRID,PWG-AMB-I01,PRESSURE GAUGE SS316,Instrumentation,SS316,NO,50
HPCL,HPC-AMB-I02,PRESSURE TRANSMITTER 4-20MA 24VDC,Instrumentation,,NO,40
NTPC,NTP-MOT-5514,3 PHASE INDUCTION MOTOR 5.5 KW 415 V 1440 RPM FOOT MOUNTED,Electrical,,NO,30
BHEL,BHL-MOT-5514,"MOTOR, 5.5KW, 415V, 50HZ, 4 POLE, 1440RPM, SQUIRREL CAGE",Electrical,,EA,25
NALCO,NAL-MOT-5514,ELECTRIC MOTOR 5.5 KW (7.5 HP) 415 VOLT 1440 RPM 50 HZ,Electrical,,NOS,20
GAIL,GAL-MOT-5514,3-PH IND MOTOR 5.5KW 415V 1440RPM FOOT MTD,Electrical,,NO,15
BPCL,BPC-MOT-5514,"ELEC MOTOR 5.5 KW, 415 VOLT, 50 HZ, 1440 RPM 4P",Electrical,,EA,18
IOCL,IOC-MOT-7514,3 PHASE INDUCTION MOTOR 7.5 KW 415 V 1440 RPM FOOT MOUNTED,Electrical,,NO,35
ONGC,ONG-MOT-1114,3 PHASE INDUCTION MOTOR 11 KW 415 V 1440 RPM FOOT MOUNTED,Electrical,,NO,20
SAIL,SAL-MOT-1514,3 PHASE INDUCTION MOTOR 15 KW 415 V 1440 RPM FOOT MOUNTED,Electrical,,NO,25
BHEL,BHL-MOT-9041,3 PHASE INDUCTION MOTOR 90 KW 415 V 1480 RPM,Electrical,,EA,15
IOCL,IOC-MOT-9033,3 PHASE INDUCTION MOTOR 90 KW 3.3 KV 1480 RPM,Electrical,,NO,10
NTPC,NTP-MOT-9066,3 PHASE INDUCTION MOTOR 90 KW 6.6 KV 1480 RPM,Electrical,,NO,8
IOCL,IOC-CBL-3025,CABLE XLPE ARMOURED 3C X 2.5 SQ.MM COPPER 1100 V,Electrical,,MTR,3000
GAIL,GAL-CBL-3025,1.1 KV 3CX2.5 SQMM CU/XLPE/PVC/SWA/PVC ARMORED CABLE,Electrical,,M,2500
NTPC,NTP-CBL-3025,LT ARMOURED POWER CABLE 3 CORE 2.5 SQMM COPPER 1.1KV,Electrical,,MTR,2000
HPCL,HPC-CBL-3025,"CABLE, 3C X 2.5 SQ MM, COPPER, XLPE INSULATED, ARMOURED, 1.1KV",Electrical,,M,1800
POWERGRID,PWG-CBL-3025,CABLE LT XLPE ARMORED 3CX2.5 SQMM 1.1 KV COPPER,Electrical,,MTR,1500
ONGC,ONG-CBL-3040,CABLE XLPE ARMOURED 3C X 4.0 SQ.MM COPPER 1.1KV,Electrical,,M,2000
BHEL,BHL-CBL-3060,CABLE XLPE ARMOURED 3C X 6.0 SQ.MM COPPER 1.1KV,Electrical,,MTR,1500
SAIL,SAL-CBL-3100,CABLE XLPE ARMOURED 3C X 10 SQ.MM COPPER 1.1KV,Electrical,,M,1200
IOCL,IOC-CBL-4025,CABLE XLPE ARMOURED 4C X 2.5 SQ.MM COPPER 1.1KV,Electrical,,MTR,2500
NTPC,NTP-CBL-3025A,CABLE XLPE ARMOURED 3C X 2.5 SQ.MM ALUMINIUM 1.1KV,Electrical,,MTR,2000
NALCO,NAL-AMB-E01,INDUCTION MOTOR 415V,Electrical,,NO,20
GAIL,GAL-AMB-E02,CABLE 3 CORE COPPER,Electrical,,MTR,1000
IOCL,IOC-BRG-6205,DEEP GROOVE BALL BEARING 6205-2RS (25X52X15 MM),Bearing,,NO,200
NALCO,NAL-BRG-6205,"BEARING, BALL, DEEP GROOVE, 6205 2RS RUBBER SEAL",Bearing,,NOS,150
ONGC,ONG-BRG-6205,BALL BEARING 6205-2RS1 C3 CLEARANCE SKF/FAG,Bearing,,NO,180
BHEL,BHL-BRG-6205,DGBB 6205 2RS (ID 25 OD 52 W 15 MM),Bearing,,EA,120
SAIL,SAL-BRG-6205,BEARING SKF/FAG 6205 2RS C3 DEEP GROOVE,Bearing,,NO,140
HPCL,HPC-BRG-6206,DEEP GROOVE BALL BEARING 6206-2RS (30X62X16 MM),Bearing,,NO,160
BPCL,BPC-BRG-6207,DEEP GROOVE BALL BEARING 6207-2RS (35X72X17 MM),Bearing,,NO,120
NTPC,NTP-BRG-6305,DEEP GROOVE BALL BEARING 6305-2RS (25X62X17 MM),Bearing,,NO,110
NTPC,NTP-BRG-2215,SPHERICAL ROLLER BEARING 22215 EK TAPERED BORE 75MM,Bearing,,NO,80
BHEL,BHL-BRG-2215,"BEARING, SPHERICAL ROLLER, 22215EK WITH TAPER BORE",Bearing,,EA,70
NALCO,NAL-BRG-2215,ROLLER BEARING SPHERICAL 22215-E1-K 75X130X31 MM,Bearing,,NOS,60
IOCL,IOC-BRG-2216,SPHERICAL ROLLER BEARING 22216 EK TAPERED BORE 80MM,Bearing,,NO,50
GAIL,GAL-BRG-6205O,DEEP GROOVE BALL BEARING 6205 OPEN TYPE,Bearing,,NO,90
SAIL,SAL-BRG-6205Z,DEEP GROOVE BALL BEARING 6205-ZZ METAL SHIELDED,Bearing,,NO,130
POWERGRID,PWG-AMB-B01,BEARING SKF,Bearing,,NO,50
HPCL,HPC-AMB-B02,BALL BEARING 6205,Bearing,,NO,70
IOCL,IOC-PMP-5040,CENTRIFUGAL PUMP 50 M3/HR 40M HEAD 15KW 2900 RPM CS,Pump,,SET,6
ONGC,ONG-PMP-5040,"CENT PUMP 50M3/H, HEAD 40M, MOTOR 15KW, SPEED 2900RPM",Pump,,SET,5
NTPC,NTP-PMP-5040,HORIZONTAL CENTRIFUGAL WATER PUMP 50 M3/H HEAD 40 MTR 15 KW,Pump,,SET,4
GAIL,GAL-PMP-8040,CENTRIFUGAL PUMP 80 M3/HR 40M HEAD 22KW 2900 RPM CS,Pump,,SET,4
HPCL,HPC-PMP-5060,CENTRIFUGAL PUMP 50 M3/HR 60M HEAD 22KW 2900 RPM CS,Pump,,SET,3
NALCO,NAL-PMP-0050,CHEMICAL DOSING PUMP 50 LPH 10 BAR SS316 MOTOR DRIVEN,Pump,SS316,NO,12
SAIL,SAL-PMP-0050,METERING DOSING PUMP CAPACITY 50 LPH DISCHARGE 10 BAR SS316,Pump,SS316,NO,10
BPCL,BPC-PMP-0100,CHEMICAL DOSING PUMP 100 LPH 10 BAR SS316 MOTOR DRIVEN,Pump,SS316,NO,8
BHEL,BHL-AMB-PU1,PUMP 5 HP,Pump,,NO,15
SAIL,SAL-AMB-PU2,CENTRIFUGAL PUMP 415V,Pump,,SET,10
IOCL,IOC-WLD-7018,WELDING ELECTRODE E7018 3.15MM X 450MM AWS A5.1,Welding,E7018,PKT,500
BHEL,BHL-WLD-7018,ELECTRODE AWS E7018 DIA 3.15 MM LG 450 MM,Welding,E7018,KG,1200
SAIL,SAL-WLD-7018,BASIC COATED ELECTRODE E7018 SIZE 3.15X450 MM,Welding,E7018,KG,1500
NTPC,NTP-WLD-7018,MANUAL ARC WELDING ELECTRODE E7018 3.15 MM,Welding,E7018,PKT,800
ONGC,ONG-WLD-7025,WELDING ELECTRODE E7018 4.0MM X 450MM AWS A5.1,Welding,E7018,PKT,600
GAIL,GAL-WLD-308L,STAINLESS STEEL WELDING ELECTRODE E308L-16 3.15MM,Welding,E308L,KG,400
HPCL,HPC-WLD-308L,SS ELECTRODE AWS E308L 3.15 X 350 MM,Welding,E308L,PKT,300
BPCL,BPC-WLD-316L,STAINLESS STEEL WELDING ELECTRODE E316L-16 3.15MM,Welding,E316L,KG,350
BHEL,BHL-WLD-70S6,TIG WELDING WIRE ER70S-6 2.5MM DIA 1000MM LENGTH,Welding,ER70S-6,KG,600
SAIL,SAL-WLD-70S6,MIG/TIG FILLER WIRE AWS ER70S-6 DIA 2.5 MM,Welding,ER70S-6,KG,800
NALCO,NAL-WLD-70S7,TIG WELDING WIRE ER70S-6 3.2MM DIA 1000MM LENGTH,Welding,ER70S-6,KG,500
IOCL,IOC-GSK-0215,GASKET SWG 2 INCH CLASS 150 ASME B16.20 SS 316 / GRAPHITE,Gasket,SS316,NOS,500
ONGC,ONG-GSK-0215,SPIRAL WOUND GASKET 2 IN 150# SS316 WITH GRAPHITE FILLER,Gasket,SS316,NO,600
BPCL,BPC-GSK-0215,METALLIC GASKET SPIRAL WOUND 50NB 150 LB SS316/GRAFOIL,Gasket,SS316,EA,450
HPCL,HPC-GSK-0215,"2"" 150 LB SPIRAL WOUND GASKET SS-316/GRAFOIL",Gasket,SS316,NO,400
GAIL,GAL-GSK-0215,GSK SPIRAL WOUND 50NB 150# SS 316 W/ GRAPHITE,Gasket,SS316,EA,350
IOCL,IOC-GSK-0230,GASKET SWG 2 INCH CLASS 300 ASME B16.20 SS 316 / GRAPHITE,Gasket,SS316,NOS,350
ONGC,ONG-GSK-0260,SPIRAL WOUND GASKET 2 IN 600# SS316 WITH GRAPHITE FILLER,Gasket,SS316,NO,200
NTPC,NTP-GSK-0215,SPIRAL WOUND GASKET 2 IN 150# SS304 WITH GRAPHITE FILLER,Gasket,SS304,NO,400
SAIL,SAL-GSK-0215,COMPRESSED ASBESTOS FIBRE GASKET CAF 2 INCH 150 LB 3MM THK,Gasket,,NO,600
